StartFrame	EndFrame	EndType	Filename	FileSize	Deps	ShowFrames	Duration_sec
0	0	stop	game_F0000.swf	536	1	2	0.17
1	1	none	game_F0001.swf	536	1	2	0.17
2	2	none	game_F0002.swf	101923	43	2	0.17
3	3	none	game_F0003.swf	101145	41	2	0.17
4	4	none	game_F0004.swf	101143	43	2	0.17
5	5	none	game_F0005.swf	100700	37	2	0.17
6	6	none	game_F0006.swf	8341	14	2	0.17
7	7	none	game_F0007.swf	7807	14	2	0.17
8	8	none	game_F0008.swf	8286	14	2	0.17
9	9	none	game_F0009.swf	536	1	2	0.17
10	10	none	game_F0010.swf	536	1	2	0.17
11	11	none	game_F0011.swf	101929	43	2	0.17
12	12	none	game_F0012.swf	101075	41	2	0.17
13	13	none	game_F0013.swf	101149	43	2	0.17
14	14	none	game_F0014.swf	108904	52	2	0.17
15	15	none	game_F0015.swf	108099	50	2	0.17
16	16	none	game_F0016.swf	536	1	2	0.17
17	17	none	game_F0017.swf	101955	44	2	0.17
18	18	none	game_F0018.swf	101150	41	2	0.17
19	20	none	game_F0019.swf	8293	14	3	0.25
21	21	none	game_F0021.swf	536	1	2	0.17
22	22	none	game_F0022.swf	536	1	2	0.17
23	23	none	game_F0023.swf	536	1	2	0.17
24	24	none	game_F0024.swf	8282	14	2	0.17
25	25	none	game_F0025.swf	7803	14	2	0.17
26	27	none	game_F0026.swf	8343	14	3	0.25
28	28	none	game_F0028.swf	100931	41	2	0.17
29	29	none	game_F0029.swf	101145	41	2	0.17
30	30	none	game_F0030.swf	101143	43	2	0.17
31	31	none	game_F0031.swf	100700	37	2	0.17
32	32	none	game_F0032.swf	100700	37	2	0.17
33	33	none	game_F0033.swf	101145	41	2	0.17
34	34	none	game_F0034.swf	101907	43	2	0.17
35	35	none	game_F0035.swf	101143	43	2	0.17
36	36	none	game_F0036.swf	101801	41	2	0.17
37	37	none	game_F0037.swf	536	1	2	0.17
38	38	none	game_F0038.swf	103212	47	2	0.17
39	39	none	game_F0039.swf	101132	42	2	0.17
40	40	none	game_F0040.swf	536	1	2	0.17
41	41	none	game_F0041.swf	8286	14	2	0.17
42	42	none	game_F0042.swf	7807	14	2	0.17
43	43	none	game_F0043.swf	9480	16	2	0.17
44	44	none	game_F0044.swf	8354	14	2	0.17
45	45	none	game_F0045.swf	7974	16	2	0.17
46	46	none	game_F0046.swf	8475	14	2	0.17
47	47	none	game_F0047.swf	8286	14	2	0.17
48	48	none	game_F0048.swf	9480	16	2	0.17
49	50	none	game_F0049.swf	9487	16	3	0.25
51	51	none	game_F0051.swf	8288	14	2	0.17
52	52	none	game_F0052.swf	7809	14	2	0.17
53	53	none	game_F0053.swf	8356	14	2	0.17
54	54	none	game_F0054.swf	8477	14	2	0.17
55	55	none	game_F0055.swf	9467	16	2	0.17
56	56	none	game_F0056.swf	7976	16	2	0.17
57	57	none	game_F0057.swf	536	1	2	0.17
58	58	none	game_F0058.swf	536	1	2	0.17
59	60	none	game_F0059.swf	538	1	3	0.25
61	61	none	game_F0061.swf	8287	14	2	0.17
62	62	none	game_F0062.swf	8476	14	2	0.17
63	63	none	game_F0063.swf	8355	14	2	0.17
64	64	none	game_F0064.swf	7975	16	2	0.17
65	65	none	game_F0065.swf	101801	41	2	0.17
66	66	none	game_F0066.swf	101923	43	2	0.17
67	67	none	game_F0067.swf	536	1	2	0.17
68	68	none	game_F0068.swf	101923	43	2	0.17
69	69	none	game_F0069.swf	536	1	2	0.17
70	70	none	game_F0070.swf	8475	14	2	0.17
71	71	none	game_F0071.swf	8354	14	2	0.17
72	72	none	game_F0072.swf	8483	14	2	0.17
73	73	none	game_F0073.swf	8355	14	2	0.17
74	74	none	game_F0074.swf	632	3	2	0.17
75	75	none	game_F0075.swf	8286	14	2	0.17
76	76	none	game_F0076.swf	7807	14	2	0.17
77	77	none	game_F0077.swf	101801	41	2	0.17
78	78	none	game_F0078.swf	101127	42	2	0.17
79	79	none	game_F0079.swf	101069	41	2	0.17
80	80	none	game_F0080.swf	8279	14	2	0.17
81	81	none	game_F0081.swf	9536	16	2	0.17
82	82	none	game_F0082.swf	8484	14	2	0.17
83	83	none	game_F0083.swf	9466	16	2	0.17
84	84	none	game_F0084.swf	103104	45	2	0.17
85	85	none	game_F0085.swf	101147	43	2	0.17
86	86	none	game_F0086.swf	101851	43	2	0.17
87	87	none	game_F0087.swf	101859	43	2	0.17
88	88	none	game_F0088.swf	100931	41	2	0.17
89	89	none	game_F0089.swf	7808	14	2	0.17
90	90	none	game_F0090.swf	100700	37	2	0.17
91	91	none	game_F0091.swf	101851	43	2	0.17
92	92	none	game_F0092.swf	100931	41	2	0.17
93	93	none	game_F0093.swf	101143	43	2	0.17
94	94	none	game_F0094.swf	64833	17	2	0.17
95	95	none	game_F0095.swf	9208	18	2	0.17
96	96	none	game_F0096.swf	101145	41	2	0.17
97	97	none	game_F0097.swf	101069	41	2	0.17
98	98	none	game_F0098.swf	101923	43	2	0.17
99	101	none	game_F0099.swf	102156	47	4	0.33
102	102	none	game_F0102.swf	536	1	2	0.17
103	103	none	game_F0103.swf	101913	43	2	0.17
104	104	none	game_F0104.swf	101857	43	2	0.17
105	105	none	game_F0105.swf	101913	43	2	0.17
106	106	none	game_F0106.swf	536	1	2	0.17
107	107	none	game_F0107.swf	101149	43	2	0.17
108	108	none	game_F0108.swf	101807	41	2	0.17
109	109	none	game_F0109.swf	101929	43	2	0.17
110	110	none	game_F0110.swf	101829	41	2	0.17
111	111	none	game_F0111.swf	9466	16	2	0.17
112	112	none	game_F0112.swf	101950	44	2	0.17
113	113	none	game_F0113.swf	101859	43	2	0.17
114	114	none	game_F0114.swf	102744	41	2	0.17
115	115	none	game_F0115.swf	101823	41	2	0.17
116	116	none	game_F0116.swf	101851	43	2	0.17
117	117	none	game_F0117.swf	101907	43	2	0.17
118	118	none	game_F0118.swf	9465	16	2	0.17
119	119	none	game_F0119.swf	64832	17	2	0.17
120	120	none	game_F0120.swf	8475	14	2	0.17
121	121	none	game_F0121.swf	8354	14	2	0.17
122	122	none	game_F0122.swf	8286	14	2	0.17
123	123	none	game_F0123.swf	8278	14	2	0.17
124	124	none	game_F0124.swf	8483	14	2	0.17
125	125	none	game_F0125.swf	9480	16	2	0.17
126	126	none	game_F0126.swf	7807	14	2	0.17
127	127	none	game_F0127.swf	101907	43	2	0.17
128	128	none	game_F0128.swf	101851	43	2	0.17
129	129	none	game_F0129.swf	101069	41	2	0.17
130	130	none	game_F0130.swf	101143	43	2	0.17
131	131	none	game_F0131.swf	100700	37	2	0.17
132	132	none	game_F0132.swf	536	1	2	0.17
133	133	none	game_F0133.swf	101801	41	2	0.17
134	134	none	game_F0134.swf	101911	43	2	0.17
135	135	none	game_F0135.swf	101923	43	2	0.17
136	136	none	game_F0136.swf	101823	41	2	0.17
137	137	none	game_F0137.swf	101145	41	2	0.17
138	138	none	game_F0138.swf	101137	42	2	0.17
139	139	none	game_F0139.swf	8003	16	2	0.17
140	140	none	game_F0140.swf	9535	16	2	0.17
141	141	none	game_F0141.swf	536	1	2	0.17
142	142	none	game_F0142.swf	101950	44	2	0.17
143	143	none	game_F0143.swf	108923	53	2	0.17
144	144	none	game_F0144.swf	108781	51	2	0.17
145	145	none	game_F0145.swf	108328	54	2	0.17
146	146	none	game_F0146.swf	108335	54	2	0.17
147	147	none	game_F0147.swf	108767	59	2	0.17
148	148	none	game_F0148.swf	109346	58	2	0.17
149	149	none	game_F0149.swf	108504	56	2	0.17
150	150	none	game_F0150.swf	110073	54	2	0.17
151	151	none	game_F0151.swf	63639	15	2	0.17
152	152	none	game_F0152.swf	9481	16	2	0.17
153	153	none	game_F0153.swf	101907	43	2	0.17
154	154	none	game_F0154.swf	103100	45	2	0.17
155	155	none	game_F0155.swf	108781	51	2	0.17
156	156	none	game_F0156.swf	110064	54	2	0.17
157	157	none	game_F0157.swf	108880	52	2	0.17
158	158	none	game_F0158.swf	101851	43	2	0.17
159	159	none	game_F0159.swf	100700	37	2	0.17
160	160	none	game_F0160.swf	100931	41	2	0.17
161	161	none	game_F0161.swf	101278	43	2	0.17
162	162	none	game_F0162.swf	101859	43	2	0.17
163	163	none	game_F0163.swf	536	1	2	0.17
164	164	none	game_F0164.swf	101855	43	2	0.17
165	165	none	game_F0165.swf	101232	43	2	0.17
166	166	none	game_F0166.swf	536	1	2	0.17
167	167	none	game_F0167.swf	101863	43	2	0.17
168	168	none	game_F0168.swf	101073	41	2	0.17
169	169	none	game_F0169.swf	100935	41	2	0.17
170	170	none	game_F0170.swf	102748	41	2	0.17
171	171	none	game_F0171.swf	101260	43	2	0.17
172	172	none	game_F0172.swf	101896	43	2	0.17
173	173	none	game_F0173.swf	101805	41	2	0.17
174	174	none	game_F0174.swf	103216	47	2	0.17
175	175	none	game_F0175.swf	101069	41	2	0.17
176	176	none	game_F0176.swf	101228	43	2	0.17
177	177	none	game_F0177.swf	101143	43	2	0.17
178	178	none	game_F0178.swf	101859	43	2	0.17
179	179	none	game_F0179.swf	100931	41	2	0.17
180	180	none	game_F0180.swf	103100	45	2	0.17
181	181	none	game_F0181.swf	103212	47	2	0.17
182	182	none	game_F0182.swf	102744	41	2	0.17
183	183	none	game_F0183.swf	8278	14	2	0.17
184	184	none	game_F0184.swf	9535	16	2	0.17
185	185	none	game_F0185.swf	9535	16	2	0.17
186	186	none	game_F0186.swf	9465	16	2	0.17
187	187	none	game_F0187.swf	65029	17	2	0.17
188	188	none	game_F0188.swf	536	1	2	0.17
189	189	none	game_F0189.swf	101069	41	2	0.17
190	190	none	game_F0190.swf	101923	43	2	0.17
191	191	none	game_F0191.swf	108901	52	2	0.17
192	192	none	game_F0192.swf	109179	54	2	0.17
193	193	none	game_F0193.swf	108325	52	2	0.17
194	194	none	game_F0194.swf	108512	54	2	0.17
195	195	none	game_F0195.swf	108401	52	2	0.17
196	196	none	game_F0196.swf	63639	15	2	0.17
197	197	none	game_F0197.swf	108241	52	2	0.17
198	198	none	game_F0198.swf	108844	52	2	0.17
199	199	none	game_F0199.swf	109694	56	2	0.17
200	249	stop	game_F0200.swf	61148	7	51	4.25
250	259	stop	game_F0250.swf	127726	40	11	0.92
260	269	stop	game_F0260.swf	83545	7	11	0.92
270	279	stop	game_F0270.swf	93518	7	11	0.92
280	289	stop	game_F0280.swf	38159	4	11	0.92
290	334	stop	game_F0290.swf	46864	17	46	3.83
335	339	none	game_F0335.swf	45937	17	6	0.50
340	347	stop	game_F0340.swf	46041	17	9	0.75
348	349	none	game_F0348.swf	543	1	3	0.25
350	359	stop	game_F0350.swf	62537	20	11	0.92
360	369	none	game_F0360.swf	559	1	11	0.92
370	384	none	game_F0370.swf	59341	7	16	1.33
385	386	stop	game_F0385.swf	59057	7	3	0.25
387	399	stop	game_F0387.swf	96075	11	14	1.17
400	409	stop	game_F0400.swf	58297	8	11	0.92
410	419	stop	game_F0410.swf	29112	17	11	0.92
420	429	stop	game_F0420.swf	28802	19	11	0.92
430	453	stop	game_F0430.swf	51797	9	25	2.08
454	469	none	game_F0454.swf	51571	9	17	1.42
470	480	stop	game_F0470.swf	135126	44	12	1.00
481	489	none	game_F0481.swf	630	3	10	0.83
490	499	stop	game_F0490.swf	789	3	11	0.92
500	539	stop	game_F0500.swf	30342	6	41	3.42
540	559	stop	game_F0540.swf	30199	6	21	1.75
560	569	none	game_F0560.swf	559	1	11	0.92
570	619	none	game_F0570.swf	15730	4	51	4.25
620	635	stop	game_F0620.swf	52393	8	17	1.42
636	639	none	game_F0636.swf	547	1	5	0.42
640	653	stop	game_F0640.swf	43277	7	15	1.25
654	659	none	game_F0654.swf	551	1	7	0.58
660	673	stop	game_F0660.swf	43346	7	15	1.25
674	679	none	game_F0674.swf	551	1	7	0.58
680	693	stop	game_F0680.swf	44286	7	15	1.25
694	699	none	game_F0694.swf	551	1	7	0.58
700	713	stop	game_F0700.swf	43008	7	15	1.25
714	719	none	game_F0714.swf	551	1	7	0.58
720	733	stop	game_F0720.swf	59081	7	15	1.25
734	739	none	game_F0734.swf	551	1	7	0.58
740	753	stop	game_F0740.swf	55288	7	15	1.25
754	759	none	game_F0754.swf	551	1	7	0.58
760	773	stop	game_F0760.swf	55289	7	15	1.25
774	779	none	game_F0774.swf	551	1	7	0.58
780	793	stop	game_F0780.swf	38199	7	15	1.25
794	799	none	game_F0794.swf	551	1	7	0.58
800	813	stop	game_F0800.swf	38199	7	15	1.25
814	819	none	game_F0814.swf	551	1	7	0.58
820	834	stop	game_F0820.swf	37119	7	16	1.33
835	839	none	game_F0835.swf	549	1	6	0.50
840	848	stop	game_F0840.swf	15392	4	10	0.83
849	849	none	game_F0849.swf	541	1	2	0.17
850	858	stop	game_F0850.swf	15408	4	10	0.83
859	859	none	game_F0859.swf	541	1	2	0.17
860	872	stop	game_F0860.swf	15558	6	14	1.17
873	879	none	game_F0873.swf	553	1	8	0.67
880	888	stop	game_F0880.swf	15423	6	10	0.83
889	889	none	game_F0889.swf	541	1	2	0.17
890	898	stop	game_F0890.swf	15330	4	10	0.83
899	899	none	game_F0899.swf	541	1	2	0.17
900	909	stop	game_F0900.swf	144156	49	11	0.92
910	924	stop	game_F0910.swf	51604	8	16	1.33
925	929	none	game_F0925.swf	59667	8	6	0.50
930	943	stop	game_F0930.swf	59962	8	15	1.25
944	949	none	game_F0944.swf	551	1	7	0.58
950	958	stop	game_F0950.swf	30707	17	10	0.83
959	959	none	game_F0959.swf	22821	6	2	0.17
960	968	stop	game_F0960.swf	23020	6	10	0.83
969	969	none	game_F0969.swf	30701	17	2	0.17
970	979	stop	game_F0970.swf	30911	17	11	0.92
980	989	stop	game_F0980.swf	42937	7	11	0.92
990	999	none	game_F0990.swf	14398	4	11	0.92
1000	1069	none	game_F1000.swf	15759	4	71	5.92
1070	1079	stop	game_F1070.swf	14525	4	11	0.92
1080	1089	stop	game_F1080.swf	11279	4	11	0.92
1090	1099	stop	game_F1090.swf	19077	4	11	0.92
1100	1174	none	game_F1100.swf	19099	4	76	6.33
1175	1208	stop	game_F1175.swf	45200	7	35	2.92
1209	1209	none	game_F1209.swf	541	1	2	0.17
1210	1233	stop	game_F1210.swf	123121	44	25	2.08
1234	1239	none	game_F1234.swf	551	1	7	0.58
1240	1254	stop	game_F1240.swf	38287	7	16	1.33
1255	1259	none	game_F1255.swf	549	1	6	0.50
1260	1260	none	game_F1260.swf	26369	17	2	0.17
1261	1278	stop	game_F1261.swf	52565	20	19	1.58
1279	1279	none	game_F1279.swf	541	1	2	0.17
1280	1295	stop	game_F1280.swf	52319	20	17	1.42
1296	1299	none	game_F1296.swf	547	1	5	0.42
1300	1317	stop	game_F1300.swf	52383	20	19	1.58
1318	1319	none	game_F1318.swf	543	1	3	0.25
1320	1329	stop	game_F1320.swf	51295	7	11	0.92
1330	1339	stop	game_F1330.swf	51330	7	11	0.92
1340	1349	stop	game_F1340.swf	122731	44	11	0.92
1350	1359	stop	game_F1350.swf	29576	4	11	0.92
1360	1369	stop	game_F1360.swf	29577	4	11	0.92
1370	1378	stop	game_F1370.swf	130543	46	10	0.83
1379	1379	none	game_F1379.swf	130261	46	2	0.17
1380	1389	stop	game_F1380.swf	129525	44	11	0.92
1390	1399	none	game_F1390.swf	559	1	11	0.92
1400	1409	stop	game_F1400.swf	44259	7	11	0.92
1410	1424	stop	game_F1410.swf	34886	7	16	1.33
1425	1439	stop	game_F1425.swf	34831	7	16	1.33
1440	1449	stop	game_F1440.swf	63634	8	11	0.92
1450	1459	stop	game_F1450.swf	43262	7	11	0.92
1460	1469	stop	game_F1460.swf	127419	44	11	0.92
1470	1479	stop	game_F1470.swf	35244	7	11	0.92
1480	1499	stop	game_F1480.swf	62405	11	21	1.75
1500	1509	stop	game_F1500.swf	121398	44	11	0.92
1510	1516	stop	game_F1510.swf	129675	58	8	0.67
1517	1519	none	game_F1517.swf	30186	19	4	0.33
1520	1529	stop	game_F1520.swf	121372	44	11	0.92
1530	1539	stop	game_F1530.swf	126684	44	11	0.92
1540	1549	stop	game_F1540.swf	37034	7	11	0.92
1550	1559	stop	game_F1550.swf	37034	7	11	0.92
1560	1579	stop	game_F1560.swf	20962	4	21	1.75
1580	1599	stop	game_F1580.swf	117912	47	21	1.75
1600	1614	stop	game_F1600.swf	17925	6	16	1.33
1615	1624	stop	game_F1615.swf	17856	6	11	0.92
1625	1639	stop	game_F1625.swf	17878	6	16	1.33
1640	1649	stop	game_F1640.swf	118691	44	11	0.92
1650	1659	stop	game_F1650.swf	35749	7	11	0.92
1660	1669	stop	game_F1660.swf	35749	7	11	0.92
1670	1689	stop	game_F1670.swf	70747	10	21	1.75
1690	1699	stop	game_F1690.swf	66571	8	11	0.92
1700	1709	stop	game_F1700.swf	127398	46	11	0.92
1710	1719	stop	game_F1710.swf	48879	7	11	0.92
1720	1729	stop	game_F1720.swf	59866	8	11	0.92
1730	1739	stop	game_F1730.swf	65599	8	11	0.92
1740	1749	stop	game_F1740.swf	69907	7	11	0.92
1750	1759	stop	game_F1750.swf	69907	7	11	0.92
1760	1769	stop	game_F1760.swf	42888	7	11	0.92
1770	1779	stop	game_F1770.swf	21268	4	11	0.92
1780	1789	stop	game_F1780.swf	85537	20	11	0.92
1790	1799	stop	game_F1790.swf	34538	17	11	0.92
1800	1826	stop	game_F1800.swf	35395	6	28	2.33
1827	1829	none	game_F1827.swf	545	1	4	0.33
1830	1839	stop	game_F1830.swf	38152	5	11	0.92
1840	1849	stop	game_F1840.swf	53358	8	11	0.92
1850	1859	stop	game_F1850.swf	65598	8	11	0.92
1860	1869	stop	game_F1860.swf	136402	53	11	0.92
1870	1879	stop	game_F1870.swf	65643	8	11	0.92
1880	1889	stop	game_F1880.swf	136673	55	11	0.92
1890	1899	stop	game_F1890.swf	128715	46	11	0.92
1900	1909	stop	game_F1900.swf	59857	8	11	0.92
1910	1919	stop	game_F1910.swf	52937	7	11	0.92
1920	1925	stop	game_F1920.swf	20561	6	7	0.58
1926	1929	none	game_F1926.swf	20503	6	5	0.42
1930	1939	stop	game_F1930.swf	29623	19	11	0.92
1940	1945	stop	game_F1940.swf	20496	4	7	0.58
1946	1949	none	game_F1946.swf	547	1	5	0.42
1950	1959	stop	game_F1950.swf	20548	4	11	0.92
1960	1969	stop	game_F1960.swf	8160	16	11	0.92
1970	1989	stop	game_F1970.swf	147494	61	21	1.75
1990	2004	stop	game_F1990.swf	120807	47	16	1.33
2005	2009	none	game_F2005.swf	549	1	6	0.50
2010	2019	stop	game_F2010.swf	147169	62	11	0.92
2020	2029	stop	game_F2020.swf	38048	5	11	0.92
2030	2039	stop	game_F2030.swf	38147	5	11	0.92
2040	2049	stop	game_F2040.swf	16453	4	11	0.92
2050	2059	stop	game_F2050.swf	730	3	11	0.92
2060	2069	stop	game_F2060.swf	36518	7	11	0.92
2070	2094	stop	game_F2070.swf	119060	48	26	2.17
2095	2099	none	game_F2095.swf	549	1	6	0.50
2100	2109	stop	game_F2100.swf	123605	46	11	0.92
2110	2129	stop	game_F2110.swf	26295	19	21	1.75
2130	2149	stop	game_F2130.swf	65510	20	21	1.75
2150	2159	stop	game_F2150.swf	65758	20	11	0.92
2160	2165	stop	game_F2160.swf	36046	17	7	0.58
2166	2169	none	game_F2166.swf	35860	17	5	0.42
2170	2179	stop	game_F2170.swf	166598	62	11	0.92
2180	2189	stop	game_F2180.swf	65553	20	11	0.92
2190	2199	stop	game_F2190.swf	33356	4	11	0.92
2200	2209	stop	game_F2200.swf	29115	7	11	0.92
2210	2219	stop	game_F2210.swf	11325	4	11	0.92
2220	2229	stop	game_F2220.swf	28815	4	11	0.92
2230	2239	stop	game_F2230.swf	28815	4	11	0.92
2240	2249	stop	game_F2240.swf	57710	7	11	0.92
2250	2259	stop	game_F2250.swf	57711	7	11	0.92
2260	2269	stop	game_F2260.swf	52158	7	11	0.92
2270	2319	stop	game_F2270.swf	67433	4	51	4.25
2320	2329	stop	game_F2320.swf	90536	7	11	0.92
2330	2339	stop	game_F2330.swf	24756	4	11	0.92
2340	2349	stop	game_F2340.swf	52208	7	11	0.92
2350	2419	stop	game_F2350.swf	91561	9	71	5.92
2420	2429	stop	game_F2420.swf	24697	4	11	0.92
2430	2439	stop	game_F2430.swf	52158	7	11	0.92
2440	2449	none	game_F2440.swf	28660	4	11	0.92
2450	2459	stop	game_F2450.swf	28689	4	11	0.92
2460	2469	stop	game_F2460.swf	24728	4	11	0.92
2470	2479	stop	game_F2470.swf	61089	7	11	0.92
2480	2489	stop	game_F2480.swf	122651	23	11	0.92
2490	2499	stop	game_F2490.swf	145720	24	11	0.92
2500	2509	stop	game_F2500.swf	57751	7	11	0.92
2510	2519	stop	game_F2510.swf	142564	23	11	0.92
2520	2529	stop	game_F2520.swf	65067	7	11	0.92
2530	2539	stop	game_F2530.swf	65594	8	11	0.92
2540	2549	stop	game_F2540.swf	38147	5	11	0.92
2550	2569	stop	game_F2550.swf	123082	20	21	1.75
2570	2579	stop	game_F2570.swf	109445	20	11	0.92
2580	2599	stop	game_F2580.swf	52397	9	21	1.75
2600	2609	stop	game_F2600.swf	81480	12	11	0.92
2610	2619	stop	game_F2610.swf	66821	7	11	0.92
2620	2629	stop	game_F2620.swf	37620	4	11	0.92
2630	2639	stop	game_F2630.swf	53050	7	11	0.92
2640	2649	stop	game_F2640.swf	29621	4	11	0.92
2650	2659	stop	game_F2650.swf	28734	4	11	0.92
2660	2669	stop	game_F2660.swf	61156	8	11	0.92
2670	2679	stop	game_F2670.swf	122356	20	11	0.92
2680	2689	stop	game_F2680.swf	193062	53	11	0.92
2690	2699	stop	game_F2690.swf	124226	26	11	0.92
2700	2709	stop	game_F2700.swf	124226	26	11	0.92
2710	2719	stop	game_F2710.swf	24756	4	11	0.92
2720	2759	stop	game_F2720.swf	22375	6	41	3.42
2760	2769	stop	game_F2760.swf	24756	4	11	0.92
2770	2779	stop	game_F2770.swf	577449	80	11	0.92
2780	2789	stop	game_F2780.swf	577596	80	11	0.92
2790	2799	stop	game_F2790.swf	577577	80	11	0.92
2800	2809	stop	game_F2800.swf	172078	54	11	0.92
2810	2828	stop	game_F2810.swf	171998	54	20	1.67
2829	2829	none	game_F2829.swf	171748	54	2	0.17
2830	2839	stop	game_F2830.swf	172250	55	11	0.92
2840	2849	stop	game_F2840.swf	172278	55	11	0.92
2850	2859	stop	game_F2850.swf	35531	7	11	0.92
2860	2869	stop	game_F2860.swf	51344	7	11	0.92
2870	2879	stop	game_F2870.swf	33542	4	11	0.92
2880	2889	stop	game_F2880.swf	53559	7	11	0.92
2890	2899	stop	game_F2890.swf	53559	7	11	0.92
2900	2909	stop	game_F2900.swf	21268	4	11	0.92
2910	2919	stop	game_F2910.swf	18404	4	11	0.92
2920	2932	stop	game_F2920.swf	17887	4	14	1.17
2933	2939	none	game_F2933.swf	17636	4	8	0.67
2940	2949	stop	game_F2940.swf	17767	4	11	0.92
2950	2959	stop	game_F2950.swf	18748	4	11	0.92
2960	2967	stop	game_F2960.swf	18785	6	9	0.75
2968	2969	none	game_F2968.swf	18699	6	3	0.25
2970	2979	stop	game_F2970.swf	18747	4	11	0.92
2980	2989	stop	game_F2980.swf	99850	37	11	0.92
2990	2999	stop	game_F2990.swf	99886	37	11	0.92
3000	3029	stop	game_F3000.swf	45043	7	31	2.58
3030	3039	stop	game_F3030.swf	99914	37	11	0.92
3040	3049	stop	game_F3040.swf	16070	6	11	0.92
3050	3059	stop	game_F3050.swf	15980	6	11	0.92
3060	3069	stop	game_F3060.swf	99849	37	11	0.92
3070	3079	stop	game_F3070.swf	18748	4	11	0.92
3080	3099	stop	game_F3080.swf	20493	8	21	1.75
3100	3119	stop	game_F3100.swf	20303	8	21	1.75
3120	3129	stop	game_F3120.swf	36288	17	11	0.92
3130	3139	stop	game_F3130.swf	121612	48	11	0.92
3140	3149	stop	game_F3140.swf	118876	51	11	0.92
3150	3159	stop	game_F3150.swf	36083	17	11	0.92
3160	3179	stop	game_F3160.swf	660944	96	21	1.75
3180	3194	stop	game_F3180.swf	668596	109	16	1.33
3195	3199	none	game_F3195.swf	549	1	6	0.50
3200	3209	stop	game_F3200.swf	21404	5	11	0.92
3210	3219	stop	game_F3210.swf	28151	4	11	0.92
3220	3229	stop	game_F3220.swf	48313	8	11	0.92
3230	3239	stop	game_F3230.swf	56111	7	11	0.92
3240	3249	stop	game_F3240.swf	48672	7	11	0.92
3250	3259	stop	game_F3250.swf	30294	4	11	0.92
3260	3269	stop	game_F3260.swf	42168	7	11	0.92
3270	3279	stop	game_F3270.swf	42169	7	11	0.92
3280	3289	stop	game_F3280.swf	133825	63	11	0.92
3290	3299	stop	game_F3290.swf	133825	63	11	0.92
3300	3309	stop	game_F3300.swf	133830	63	11	0.92
3310	3319	stop	game_F3310.swf	152318	72	11	0.92
3320	3329	stop	game_F3320.swf	779	3	11	0.92
3330	3339	stop	game_F3330.swf	45979	21	11	0.92
3340	3349	stop	game_F3340.swf	21250	4	11	0.92
3350	3359	stop	game_F3350.swf	65914	22	11	0.92
3360	3369	stop	game_F3360.swf	21404	5	11	0.92
3370	3379	stop	game_F3370.swf	47467	7	11	0.92
3380	3409	stop	game_F3380.swf	665552	98	31	2.58
3410	3419	stop	game_F3410.swf	100062	20	11	0.92
3420	3429	stop	game_F3420.swf	18480	4	11	0.92
3430	3439	stop	game_F3430.swf	28157	4	11	0.92
3440	3449	stop	game_F3440.swf	65043	7	11	0.92
3450	3459	stop	game_F3450.swf	55683	7	11	0.92
3460	3469	stop	game_F3460.swf	46249	7	11	0.92
3470	3479	stop	game_F3470.swf	28739	4	11	0.92
3480	3489	stop	game_F3480.swf	21420	4	11	0.92
3490	3499	stop	game_F3490.swf	57820	8	11	0.92
3500	3580	stop	game_F3500.swf	60679	8	82	6.83
3581	3589	none	game_F3581.swf	557	1	10	0.83
3590	3599	stop	game_F3590.swf	28045	4	11	0.92
3600	3609	stop	game_F3600.swf	643131	99	11	0.92
3610	3619	stop	game_F3610.swf	643189	99	11	0.92
3620	3629	stop	game_F3620.swf	40143	7	11	0.92
3630	3639	stop	game_F3630.swf	20352	4	11	0.92
3640	3649	stop	game_F3640.swf	30339	4	11	0.92
3650	3659	stop	game_F3650.swf	57710	7	11	0.92
3660	3669	stop	game_F3660.swf	67688	7	11	0.92
3670	3679	stop	game_F3670.swf	59878	7	11	0.92
3680	3689	stop	game_F3680.swf	23036	4	11	0.92
3690	3699	stop	game_F3690.swf	22541	4	11	0.92
3700	3999	none	game_F3700.swf	1139	1	301	25.08
4000	4009	stop	game_F4000.swf	30295	4	11	0.92
4010	4019	stop	game_F4010.swf	47626	7	11	0.92
4020	4029	stop	game_F4020.swf	25849	17	11	0.92
4030	4039	stop	game_F4030.swf	25849	17	11	0.92
4040	4049	stop	game_F4040.swf	47513	7	11	0.92
4050	4059	stop	game_F4050.swf	38174	4	11	0.92
4060	4069	stop	game_F4060.swf	38174	4	11	0.92
4070	4079	stop	game_F4070.swf	18572	4	11	0.92
4080	4089	stop	game_F4080.swf	30340	4	11	0.92
4090	4099	stop	game_F4090.swf	21403	5	11	0.92
4100	4109	stop	game_F4100.swf	47624	7	11	0.92
4110	4119	stop	game_F4110.swf	57304	7	11	0.92
4120	4129	stop	game_F4120.swf	28207	4	11	0.92
4130	4139	stop	game_F4130.swf	18618	4	11	0.92
4140	4149	stop	game_F4140.swf	28202	4	11	0.92
4150	4159	stop	game_F4150.swf	44706	7	11	0.92
4160	4169	stop	game_F4160.swf	54678	7	11	0.92
4170	4179	stop	game_F4170.swf	38179	4	11	0.92
4180	4189	stop	game_F4180.swf	28202	4	11	0.92
4190	4199	stop	game_F4190.swf	18573	4	11	0.92
4200	4209	stop	game_F4200.swf	671756	98	11	0.92
4210	4219	stop	game_F4210.swf	674022	100	11	0.92
4220	4229	stop	game_F4220.swf	672496	98	11	0.92
4230	4269	stop	game_F4230.swf	46702	17	41	3.42
4270	4399	none	game_F4270.swf	799	1	131	10.92
4400	4400	none	game_F4400.swf	671743	98	2	0.17
4401	4401	none	game_F4401.swf	672341	98	2	0.17
4402	4402	none	game_F4402.swf	672338	98	2	0.17
4403	4403	none	game_F4403.swf	671687	98	2	0.17
4404	4404	none	game_F4404.swf	671606	98	2	0.17
4405	4405	none	game_F4405.swf	671715	98	2	0.17
4406	4406	none	game_F4406.swf	672338	98	2	0.17
4407	4407	none	game_F4407.swf	672410	98	2	0.17
4408	4408	none	game_F4408.swf	673550	100	2	0.17
4409	4409	none	game_F4409.swf	671680	100	2	0.17
4410	4410	none	game_F4410.swf	643298	95	2	0.17
4411	4411	none	game_F4411.swf	643306	95	2	0.17
4412	4412	none	game_F4412.swf	644510	97	2	0.17
4413	4413	none	game_F4413.swf	644547	97	2	0.17
4414	4414	none	game_F4414.swf	643354	95	2	0.17
4415	4415	none	game_F4415.swf	642675	95	2	0.17
4416	4416	none	game_F4416.swf	643339	95	2	0.17
4417	4417	none	game_F4417.swf	642640	97	2	0.17
4418	4418	none	game_F4418.swf	643301	95	2	0.17
4419	4419	none	game_F4419.swf	643306	95	2	0.17
4420	4420	none	game_F4420.swf	26812	4	2	0.17
4421	4421	none	game_F4421.swf	34531	16	2	0.17
4422	4422	none	game_F4422.swf	33883	16	2	0.17
4423	4423	none	game_F4423.swf	34579	16	2	0.17
4424	4424	none	game_F4424.swf	649926	105	2	0.17
4425	4425	none	game_F4425.swf	649298	107	2	0.17
4426	4429	none	game_F4426.swf	649331	109	5	0.42
4430	4430	none	game_F4430.swf	672346	98	2	0.17
4431	4431	none	game_F4431.swf	673550	100	2	0.17
4432	4432	none	game_F4432.swf	672394	98	2	0.17
4433	4433	none	game_F4433.swf	673699	102	2	0.17
4434	4439	none	game_F4434.swf	673601	100	7	0.58
4440	4440	none	game_F4440.swf	673595	100	2	0.17
4441	4441	none	game_F4441.swf	672860	100	2	0.17
4442	4442	none	game_F4442.swf	673614	100	2	0.17
4443	4443	none	game_F4443.swf	673600	100	2	0.17
4444	4444	none	game_F4444.swf	673592	100	2	0.17
4445	4445	none	game_F4445.swf	674953	104	2	0.17
4446	4446	none	game_F4446.swf	674804	102	2	0.17
4447	4447	none	game_F4447.swf	673648	100	2	0.17
4448	4448	none	game_F4448.swf	672934	102	2	0.17
4449	4449	none	game_F4449.swf	674841	102	2	0.17
4450	4451	none	game_F4450.swf	710312	105	3	0.25
4452	4452	none	game_F4452.swf	43274	16	2	0.17
4453	4453	none	game_F4453.swf	43232	16	2	0.17
4454	4454	none	game_F4454.swf	42584	16	2	0.17
4455	4455	none	game_F4455.swf	42640	18	2	0.17
4456	4459	none	game_F4456.swf	43290	16	5	0.42
4460	4460	none	game_F4460.swf	642733	97	2	0.17
4461	4461	none	game_F4461.swf	643537	97	2	0.17
4462	4462	none	game_F4462.swf	18283	4	2	0.17
4463	4463	none	game_F4463.swf	661809	102	2	0.17
4464	4464	none	game_F4464.swf	659790	100	2	0.17
4465	4465	none	game_F4465.swf	659792	98	2	0.17
4466	4466	none	game_F4466.swf	659716	98	2	0.17
4467	4467	none	game_F4467.swf	660451	98	2	0.17
4468	4469	none	game_F4468.swf	661703	100	3	0.25
4470	4470	none	game_F4470.swf	121233	46	2	0.17
4471	4471	none	game_F4471.swf	122174	46	2	0.17
4472	4472	none	game_F4472.swf	121347	48	2	0.17
4473	4473	none	game_F4473.swf	122082	48	2	0.17
4474	4474	none	game_F4474.swf	120934	42	2	0.17
4475	4475	none	game_F4475.swf	20235	4	2	0.17
4476	4476	none	game_F4476.swf	466894	72	2	0.17
4477	4477	none	game_F4477.swf	547077	107	2	0.17
4478	4478	none	game_F4478.swf	545520	101	2	0.17
4479	4479	none	game_F4479.swf	547400	111	2	0.17
4480	4480	none	game_F4480.swf	547056	107	2	0.17
4481	4484	none	game_F4481.swf	546931	105	5	0.42
4485	4485	none	game_F4485.swf	35781	17	2	0.17
4486	4486	none	game_F4486.swf	35849	17	2	0.17
4487	4487	none	game_F4487.swf	35978	17	2	0.17
4488	4498	none	game_F4488.swf	35801	17	12	1.00
4499	4499	none	game_F4499.swf	39531	8	2	0.17
4500	4500	none	game_F4500.swf	35970	17	2	0.17
4501	4501	none	game_F4501.swf	135745	55	2	0.17
4502	4502	none	game_F4502.swf	21253	4	2	0.17
4503	4503	none	game_F4503.swf	122091	47	2	0.17
4504	4504	none	game_F4504.swf	121992	46	2	0.17
4505	4505	none	game_F4505.swf	122000	46	2	0.17
4506	4506	none	game_F4506.swf	121369	46	2	0.17
4507	4507	none	game_F4507.swf	122885	44	2	0.17
4508	4508	none	game_F4508.swf	128827	53	2	0.17
4509	4509	none	game_F4509.swf	127676	47	2	0.17
4510	4510	none	game_F4510.swf	121210	44	2	0.17
4511	4511	none	game_F4511.swf	121072	44	2	0.17
4512	4512	none	game_F4512.swf	120841	40	2	0.17
4513	4513	none	game_F4513.swf	130218	57	2	0.17
4514	4514	none	game_F4514.swf	129741	61	2	0.17
4515	4515	none	game_F4515.swf	129529	59	2	0.17
4516	4516	none	game_F4516.swf	29076	17	2	0.17
4517	4517	none	game_F4517.swf	29008	17	2	0.17
4518	4518	none	game_F4518.swf	29197	17	2	0.17
4519	4519	none	game_F4519.swf	28696	19	2	0.17
4520	4520	none	game_F4520.swf	121286	44	2	0.17
4521	4521	none	game_F4521.swf	29192	17	2	0.17
4522	4522	none	game_F4522.swf	29071	17	2	0.17
4523	4523	none	game_F4523.swf	28995	17	2	0.17
4524	4524	none	game_F4524.swf	28524	17	2	0.17
4525	4525	none	game_F4525.swf	29003	17	2	0.17
4526	4526	none	game_F4526.swf	30252	19	2	0.17
4527	4527	none	game_F4527.swf	30182	19	2	0.17
4528	4528	none	game_F4528.swf	121215	44	2	0.17
4529	4529	none	game_F4529.swf	122069	46	2	0.17
4530	4530	none	game_F4530.swf	121284	46	2	0.17
4531	4531	none	game_F4531.swf	24083	17	2	0.17
4532	4532	none	game_F4532.swf	23604	17	2	0.17
4533	4533	none	game_F4533.swf	24075	17	2	0.17
4534	4534	none	game_F4534.swf	24151	17	2	0.17
4535	4535	none	game_F4535.swf	24272	17	2	0.17
4536	4536	none	game_F4536.swf	25262	19	2	0.17
4537	4537	none	game_F4537.swf	25262	19	2	0.17
4538	4538	none	game_F4538.swf	25276	19	2	0.17
4539	4539	none	game_F4539.swf	24280	17	2	0.17
4540	4540	none	game_F4540.swf	25277	19	2	0.17
4541	4541	none	game_F4541.swf	25332	19	2	0.17
4542	4542	none	game_F4542.swf	80246	20	2	0.17
4543	4547	none	game_F4543.swf	144276	75	6	0.50
4548	4548	none	game_F4548.swf	118462	40	2	0.17
4549	4549	none	game_F4549.swf	18878	4	2	0.17
4550	4550	none	game_F4550.swf	42333	4	2	0.17
4551	4551	none	game_F4551.swf	50156	17	2	0.17
4552	4552	none	game_F4552.swf	51267	19	2	0.17
4553	4553	none	game_F4553.swf	50285	17	2	0.17
4554	4554	none	game_F4554.swf	50277	17	2	0.17
4555	4555	none	game_F4555.swf	50080	17	2	0.17
4556	4556	none	game_F4556.swf	25475	19	2	0.17
4557	4557	none	game_F4557.swf	24889	17	2	0.17
4558	4558	none	game_F4558.swf	25436	17	2	0.17
4559	4559	none	game_F4559.swf	26736	19	2	0.17
4560	4560	none	game_F4560.swf	25085	19	2	0.17
4561	4561	none	game_F4561.swf	26617	19	2	0.17
4562	4562	none	game_F4562.swf	18706	6	2	0.17
4563	4569	none	game_F4563.swf	18299	4	8	0.67
4570	4570	none	game_F4570.swf	34293	17	2	0.17
4571	4571	none	game_F4571.swf	34482	17	2	0.17
4572	4572	none	game_F4572.swf	34361	17	2	0.17
4573	4573	none	game_F4573.swf	34362	17	2	0.17
4574	4574	none	game_F4574.swf	34294	17	2	0.17
4575	4575	none	game_F4575.swf	33815	17	2	0.17
4576	4576	none	game_F4576.swf	33814	17	2	0.17
4577	4577	none	game_F4577.swf	35542	19	2	0.17
4578	4578	none	game_F4578.swf	35472	19	2	0.17
4579	4579	none	game_F4579.swf	35487	19	2	0.17
4580	4580	none	game_F4580.swf	34285	17	2	0.17
4581	4584	none	game_F4581.swf	33995	19	5	0.42
4585	4585	none	game_F4585.swf	145609	54	2	0.17
4586	4586	none	game_F4586.swf	144600	50	2	0.17
4587	4587	none	game_F4587.swf	145868	54	2	0.17
4588	4588	none	game_F4588.swf	146311	60	2	0.17
4589	4589	none	game_F4589.swf	145321	58	2	0.17
4590	4590	none	game_F4590.swf	146099	58	2	0.17
4591	4591	none	game_F4591.swf	147000	58	2	0.17
4592	4592	none	game_F4592.swf	146922	56	2	0.17
4593	4593	none	game_F4593.swf	45980	18	2	0.17
4594	4594	none	game_F4594.swf	138066	45	2	0.17
4595	4595	none	game_F4595.swf	129498	44	2	0.17
4596	4596	none	game_F4596.swf	129493	44	2	0.17
4597	4597	none	game_F4597.swf	129048	40	2	0.17
4598	4598	none	game_F4598.swf	120455	44	2	0.17
4599	4599	none	game_F4599.swf	29425	19	2	0.17
4600	4600	none	game_F4600.swf	38026	5	2	0.17
4601	4601	none	game_F4601.swf	138837	47	2	0.17
4602	4602	none	game_F4602.swf	138037	46	2	0.17
4603	4603	none	game_F4603.swf	138737	45	2	0.17
4604	4604	none	game_F4604.swf	138715	45	2	0.17
4605	4605	none	game_F4605.swf	138821	47	2	0.17
4606	4606	none	game_F4606.swf	138825	47	2	0.17
4607	4607	none	game_F4607.swf	138773	47	2	0.17
4608	4608	none	game_F4608.swf	137614	41	2	0.17
4609	4609	none	game_F4609.swf	138057	47	2	0.17
4610	4610	none	game_F4610.swf	36395	17	2	0.17
4611	4611	none	game_F4611.swf	136516	55	2	0.17
4612	4612	none	game_F4612.swf	136245	53	2	0.17
4613	4613	none	game_F4613.swf	136351	55	2	0.17
4614	4614	none	game_F4614.swf	129367	46	2	0.17
4615	4615	none	game_F4615.swf	129261	44	2	0.17
4616	4616	none	game_F4616.swf	129371	46	2	0.17
4617	4619	none	game_F4617.swf	138067	45	4	0.33
4620	4620	none	game_F4620.swf	128529	44	2	0.17
4621	4624	none	game_F4621.swf	128613	46	5	0.42
4625	4625	none	game_F4625.swf	122522	50	2	0.17
4626	4626	none	game_F4626.swf	120437	45	2	0.17
4627	4627	none	game_F4627.swf	127234	59	2	0.17
4628	4629	none	game_F4628.swf	126949	57	3	0.25
4630	4630	none	game_F4630.swf	123545	46	2	0.17
4631	4631	none	game_F4631.swf	123457	44	2	0.17
4632	4632	none	game_F4632.swf	117127	46	2	0.17
4633	4633	none	game_F4633.swf	117017	44	2	0.17
4634	4634	none	game_F4634.swf	117960	44	2	0.17
4635	4635	none	game_F4635.swf	117123	46	2	0.17
4636	4636	none	game_F4636.swf	118428	50	2	0.17
4637	4638	none	game_F4637.swf	118743	51	3	0.25
4639	4639	none	game_F4639.swf	118321	48	2	0.17
4640	4640	none	game_F4640.swf	24150	17	2	0.17
4641	4641	none	game_F4641.swf	117039	44	2	0.17
4642	4642	none	game_F4642.swf	115916	40	2	0.17
4643	4643	none	game_F4643.swf	117139	46	2	0.17
4644	4644	none	game_F4644.swf	118263	48	2	0.17
4645	4645	none	game_F4645.swf	117108	46	2	0.17
4646	4646	none	game_F4646.swf	117067	46	2	0.17
4647	4647	none	game_F4647.swf	118428	50	2	0.17
4648	4648	none	game_F4648.swf	118316	48	2	0.17
4649	4649	none	game_F4649.swf	116285	44	2	0.17
4650	4650	none	game_F4650.swf	121111	44	2	0.17
4651	4651	none	game_F4651.swf	121217	46	2	0.17
4652	4652	none	game_F4652.swf	121221	46	2	0.17
4653	4653	none	game_F4653.swf	121233	46	2	0.17
4654	4654	none	game_F4654.swf	121392	48	2	0.17
4655	4659	none	game_F4655.swf	121357	48	6	0.50
4660	4660	none	game_F4660.swf	121936	46	2	0.17
4661	4661	none	game_F4661.swf	121884	46	2	0.17
4662	4662	none	game_F4662.swf	121826	44	2	0.17
4663	4663	none	game_F4663.swf	120725	40	2	0.17
4664	4669	none	game_F4664.swf	121108	44	7	0.58
4670	4670	none	game_F4670.swf	124378	44	2	0.17
4671	4679	none	game_F4671.swf	123582	46	10	0.83
4680	4689	none	game_F4680.swf	41390	17	11	0.92
4690	4690	none	game_F4690.swf	116359	46	2	0.17
4691	4691	none	game_F4691.swf	117075	46	2	0.17
4692	4692	none	game_F4692.swf	124157	53	2	0.17
4693	4693	none	game_F4693.swf	123355	55	2	0.17
4694	4694	none	game_F4694.swf	123800	59	2	0.17
4695	4695	none	game_F4695.swf	124602	57	2	0.17
4696	4696	none	game_F4696.swf	124526	57	2	0.17
4697	4697	none	game_F4697.swf	124012	53	2	0.17
4698	4698	none	game_F4698.swf	123612	55	2	0.17
4699	4699	none	game_F4699.swf	124290	55	2	0.17
4700	4700	none	game_F4700.swf	124027	55	2	0.17
4701	4701	none	game_F4701.swf	123870	51	2	0.17
4702	4709	none	game_F4702.swf	116517	46	9	0.75
4710	4710	none	game_F4710.swf	577316	80	2	0.17
4711	4719	none	game_F4711.swf	30189	4	10	0.83
4720	4720	none	game_F4720.swf	35773	17	2	0.17
4721	4721	none	game_F4721.swf	35773	17	2	0.17
4722	4722	none	game_F4722.swf	135862	55	2	0.17
4723	4723	none	game_F4723.swf	136638	53	2	0.17
4724	4724	none	game_F4724.swf	136941	57	2	0.17
4725	4725	none	game_F4725.swf	137002	57	2	0.17
4726	4726	none	game_F4726.swf	35835	17	2	0.17
4727	4727	none	game_F4727.swf	35301	17	2	0.17
4728	4728	none	game_F4728.swf	35302	17	2	0.17
4729	4729	none	game_F4729.swf	35781	17	2	0.17
4730	4730	none	game_F4730.swf	135738	55	2	0.17
4731	4731	none	game_F4731.swf	135746	55	2	0.17
4732	4732	none	game_F4732.swf	35849	17	2	0.17
4733	4733	none	game_F4733.swf	136614	59	2	0.17
4734	4734	none	game_F4734.swf	121968	44	2	0.17
4735	4735	none	game_F4735.swf	129223	55	2	0.17
4736	4736	none	game_F4736.swf	135652	53	2	0.17
4737	4737	none	game_F4737.swf	137055	57	2	0.17
4738	4738	none	game_F4738.swf	135806	55	2	0.17
4739	4739	none	game_F4739.swf	21257	4	2	0.17
4740	4740	none	game_F4740.swf	35978	17	2	0.17
4741	4741	none	game_F4741.swf	91128	20	2	0.17
4742	4742	none	game_F4742.swf	135710	53	2	0.17
4743	4743	none	game_F4743.swf	135604	53	2	0.17
4744	4744	none	game_F4744.swf	135988	55	2	0.17
4745	4745	none	game_F4745.swf	127628	40	2	0.17
4746	4746	none	game_F4746.swf	128779	46	2	0.17
4747	4749	none	game_F4747.swf	128005	44	4	0.33
4750	4750	none	game_F4750.swf	44580	17	2	0.17
4751	4751	none	game_F4751.swf	44592	17	2	0.17
4752	4752	none	game_F4752.swf	44118	17	2	0.17
4753	4753	none	game_F4753.swf	45786	19	2	0.17
4754	4759	none	game_F4754.swf	99959	20	7	0.58
4760	4760	none	game_F4760.swf	130196	38	2	0.17
4761	4761	none	game_F4761.swf	130139	38	2	0.17
4762	4762	none	game_F4762.swf	116716	37	2	0.17
4763	4763	none	game_F4763.swf	116721	37	2	0.17
4764	4764	none	game_F4764.swf	24595	4	2	0.17
4765	4765	none	game_F4765.swf	116062	37	2	0.17
4766	4766	none	game_F4766.swf	130142	38	2	0.17
4767	4767	none	game_F4767.swf	129413	38	2	0.17
4768	4768	none	game_F4768.swf	129481	40	2	0.17
4769	4769	none	game_F4769.swf	28573	4	2	0.17
4770	4770	none	game_F4770.swf	116712	37	2	0.17
4771	4771	none	game_F4771.swf	116721	37	2	0.17
4772	4772	none	game_F4772.swf	116770	37	2	0.17
4773	4773	none	game_F4773.swf	116090	37	2	0.17
4774	4774	none	game_F4774.swf	117961	39	2	0.17
4775	4775	none	game_F4775.swf	116055	39	2	0.17
4776	4776	none	game_F4776.swf	116716	37	2	0.17
4777	4777	none	game_F4777.swf	116062	37	2	0.17
4778	4778	none	game_F4778.swf	117905	39	2	0.17
4779	4779	none	game_F4779.swf	117923	39	2	0.17
4780	4780	none	game_F4780.swf	116713	37	2	0.17
4781	4781	none	game_F4781.swf	116785	37	2	0.17
4782	4782	none	game_F4782.swf	116735	37	2	0.17
4783	4783	none	game_F4783.swf	118072	41	2	0.17
4784	4784	none	game_F4784.swf	116773	37	2	0.17
4785	4785	none	game_F4785.swf	115987	37	2	0.17
4786	4786	none	game_F4786.swf	116058	37	2	0.17
4787	4787	none	game_F4787.swf	116709	37	2	0.17
4788	4788	none	game_F4788.swf	116712	37	2	0.17
4789	4789	none	game_F4789.swf	115983	37	2	0.17
4790	4790	none	game_F4790.swf	116054	37	2	0.17
4791	4791	none	game_F4791.swf	24591	4	2	0.17
4792	4792	none	game_F4792.swf	116766	37	2	0.17
4793	4793	none	game_F4793.swf	117919	39	2	0.17
4794	4794	none	game_F4794.swf	118068	41	2	0.17
4795	4795	none	game_F4795.swf	116051	39	2	0.17
4796	4799	none	game_F4796.swf	116718	37	5	0.42
4800	4800	none	game_F4800.swf	121896	39	2	0.17
4801	4801	none	game_F4801.swf	120028	39	2	0.17
4802	4802	none	game_F4802.swf	120694	37	2	0.17
4803	4803	none	game_F4803.swf	119960	37	2	0.17
4804	4804	none	game_F4804.swf	28568	4	2	0.17
4805	4805	none	game_F4805.swf	158513	47	2	0.17
4806	4806	none	game_F4806.swf	158001	49	2	0.17
4807	4807	none	game_F4807.swf	158471	55	2	0.17
4808	4808	none	game_F4808.swf	159711	49	2	0.17
4809	4809	none	game_F4809.swf	159780	49	2	0.17
4810	4810	none	game_F4810.swf	130201	38	2	0.17
4811	4811	none	game_F4811.swf	131503	42	2	0.17
4812	4812	none	game_F4812.swf	158467	55	2	0.17
4813	4813	none	game_F4813.swf	157930	49	2	0.17
4814	4814	none	game_F4814.swf	160401	57	2	0.17
4815	4819	none	game_F4815.swf	158729	49	6	0.50
4820	4820	none	game_F4820.swf	122497	21	2	0.17
4821	4821	none	game_F4821.swf	123691	23	2	0.17
4822	4822	none	game_F4822.swf	122682	21	2	0.17
4823	4823	none	game_F4823.swf	122694	21	2	0.17
4824	4824	none	game_F4824.swf	122485	21	2	0.17
4825	4825	none	game_F4825.swf	122023	21	2	0.17
4826	4826	none	game_F4826.swf	123676	23	2	0.17
4827	4827	none	game_F4827.swf	122565	21	2	0.17
4828	4828	none	game_F4828.swf	122561	21	2	0.17
4829	4829	none	game_F4829.swf	123746	23	2	0.17
4830	4831	none	game_F4830.swf	122562	25	3	0.25
4832	4832	none	game_F4832.swf	122154	20	2	0.17
4833	4833	none	game_F4833.swf	121957	20	2	0.17
4834	4834	none	game_F4834.swf	37498	4	2	0.17
4835	4835	none	game_F4835.swf	122037	20	2	0.17
4836	4836	none	game_F4836.swf	122155	20	2	0.17
4837	4837	none	game_F4837.swf	122167	20	2	0.17
4838	4838	none	game_F4838.swf	121958	20	2	0.17
4839	4839	none	game_F4839.swf	121985	20	2	0.17
4840	4840	none	game_F4840.swf	121963	20	2	0.17
4841	4841	none	game_F4841.swf	121506	20	2	0.17
4842	4845	none	game_F4842.swf	121997	20	5	0.42
4846	4846	none	game_F4846.swf	109061	20	2	0.17
4847	4849	none	game_F4847.swf	110263	22	4	0.33
4850	4850	none	game_F4850.swf	108587	20	2	0.17
4851	4851	none	game_F4851.swf	109129	20	2	0.17
4852	4852	none	game_F4852.swf	109246	20	2	0.17
4853	4853	none	game_F4853.swf	109076	20	2	0.17
4854	4854	none	game_F4854.swf	110255	22	2	0.17
4855	4855	none	game_F4855.swf	109049	20	2	0.17
4856	4856	none	game_F4856.swf	110240	22	2	0.17
4857	4857	none	game_F4857.swf	109776	22	2	0.17
4858	4858	none	game_F4858.swf	109258	20	2	0.17
4859	4859	none	game_F4859.swf	110310	22	2	0.17
4860	4860	none	game_F4860.swf	109251	20	2	0.17
4861	4861	none	game_F4861.swf	109134	20	2	0.17
4862	4862	none	game_F4862.swf	109054	20	2	0.17
4863	4863	none	game_F4863.swf	109263	20	2	0.17
4864	4864	none	game_F4864.swf	109131	20	2	0.17
4865	4865	none	game_F4865.swf	109131	20	2	0.17
4866	4866	none	game_F4866.swf	110315	22	2	0.17
4867	4867	none	game_F4867.swf	110315	22	2	0.17
4868	4868	none	game_F4868.swf	110245	22	2	0.17
4869	4869	none	game_F4869.swf	110260	22	2	0.17
4870	4870	none	game_F4870.swf	122043	20	2	0.17
4871	4871	none	game_F4871.swf	122160	20	2	0.17
4872	4872	none	game_F4872.swf	122172	20	2	0.17
4873	4875	none	game_F4873.swf	122047	20	4	0.33
4876	4876	none	game_F4876.swf	109781	22	2	0.17
4877	4877	none	game_F4877.swf	109082	20	2	0.17
4878	4878	none	game_F4878.swf	109081	20	2	0.17
4879	4879	none	game_F4879.swf	24595	4	2	0.17
4880	4880	none	game_F4880.swf	127118	38	2	0.17
4881	4881	none	game_F4881.swf	127175	38	2	0.17
4882	4882	none	game_F4882.swf	127126	38	2	0.17
4883	4883	none	game_F4883.swf	126467	38	2	0.17
4884	4884	none	game_F4884.swf	126463	38	2	0.17
4885	4885	none	game_F4885.swf	126392	38	2	0.17
4886	4886	none	game_F4886.swf	128328	40	2	0.17
4887	4887	none	game_F4887.swf	120727	50	2	0.17
4888	4888	none	game_F4888.swf	118678	46	2	0.17
4889	5011	none	game_F4889.swf	119079	49	124	10.33
5012	5265	stop	game_F5012.swf	283908	79	255	21.25
5266	5266	stop	game_F5266.swf	33018	6	2	0.17
5267	5899	none	game_F5267.swf	1805	1	634	52.83
5900	5900	stop	game_F5900.swf	46236	11	2	0.17
5901	5901	stop	game_F5901.swf	42922	11	2	0.17
5902	5902	stop	game_F5902.swf	60666	11	2	0.17
5903	5903	stop	game_F5903.swf	46234	11	2	0.17
5904	5904	stop	game_F5904.swf	42910	11	2	0.17
5905	5905	stop	game_F5905.swf	61765	11	2	0.17
5906	5906	stop	game_F5906.swf	61373	11	2	0.17
5907	5907	none	game_F5907.swf	541	1	2	0.17
5908	5909	none	game_F5908.swf	543	1	3	0.25
5910	5910	none	game_F5910.swf	34811	6	2	0.17
5911	5911	none	game_F5911.swf	57991	6	2	0.17
5912	5912	none	game_F5912.swf	25548	6	2	0.17
5913	5913	none	game_F5913.swf	34090	6	2	0.17
5914	5914	none	game_F5914.swf	28018	6	2	0.17
5915	5915	none	game_F5915.swf	30309	6	2	0.17
5916	5916	none	game_F5916.swf	34374	6	2	0.17
5917	5917	none	game_F5917.swf	20370	6	2	0.17
5918	5918	none	game_F5918.swf	35061	6	2	0.17
5919	5919	none	game_F5919.swf	31288	6	2	0.17
5920	5920	none	game_F5920.swf	30981	6	2	0.17
5921	5921	none	game_F5921.swf	27433	6	2	0.17
5922	5929	none	game_F5922.swf	27194	6	9	0.75
5930	5931	none	game_F5930.swf	26791	6	3	0.25
5932	5999	none	game_F5932.swf	26935	6	69	5.75
6000	6039	stop	game_F6000.swf	33961	8	41	3.42
6040	6079	stop	game_F6040.swf	15053	15	41	3.42
6080	6119	stop	game_F6080.swf	93223	15	41	3.42
6120	6219	stop	game_F6120.swf	36541	4	101	8.42
6220	6249	none	game_F6220.swf	35871	4	31	2.58
6250	6250	stop	game_F6250.swf	35349	4	2	0.17
6251	6269	stop	game_F6251.swf	30498	4	20	1.67
6270	6279	stop	game_F6270.swf	24705	4	11	0.92
6280	6289	stop	game_F6280.swf	24705	4	11	0.92
6290	6299	none	game_F6290.swf	559	1	11	0.92
6300	6339	stop	game_F6300.swf	123596	48	41	3.42
6340	6379	stop	game_F6340.swf	469368	72	41	3.42
6380	6399	stop	game_F6380.swf	46055	7	21	1.75
6400	6409	stop	game_F6400.swf	53501	7	11	0.92
6410	6439	stop	game_F6410.swf	467196	72	31	2.58
6440	6449	stop	game_F6440.swf	28045	4	11	0.92
6450	6459	none	game_F6450.swf	34778	16	11	0.92
6460	6474	stop	game_F6460.swf	35293	16	16	1.33
6475	6479	none	game_F6475.swf	549	1	6	0.50
6480	6489	stop	game_F6480.swf	63678	7	11	0.92
6490	6499	stop	game_F6490.swf	35903	17	11	0.92
6500	6999	none	game_F6500.swf	1539	1	501	41.75
7000	7039	stop	game_F7000.swf	86339	9	41	3.42
7040	7049	none	game_F7040.swf	559	1	11	0.92
7050	7089	stop	game_F7050.swf	86301	9	41	3.42
7090	7099	none	game_F7090.swf	559	1	11	0.92
7100	7139	stop	game_F7100.swf	86271	9	41	3.42
7140	7149	none	game_F7140.swf	559	1	11	0.92
7150	7189	stop	game_F7150.swf	86252	9	41	3.42
7190	7199	none	game_F7190.swf	559	1	11	0.92
7200	7239	stop	game_F7200.swf	86252	9	41	3.42
7240	7249	none	game_F7240.swf	559	1	11	0.92
7250	7299	none	game_F7250.swf	35173	6	51	4.25
7300	7322	stop	game_F7300.swf	34509	6	24	2.00
7323	7349	none	game_F7323.swf	593	1	28	2.33
7350	7359	stop	game_F7350.swf	17780	4	11	0.92
7360	7369	stop	game_F7360.swf	16450	4	11	0.92
7370	7399	none	game_F7370.swf	599	1	31	2.58
7400	7410	stop	game_F7400.swf	17801	4	12	1.00
7411	7419	none	game_F7411.swf	557	1	10	0.83
7420	7434	stop	game_F7420.swf	21399	4	16	1.33
7435	7439	none	game_F7435.swf	549	1	6	0.50
7440	7459	stop	game_F7440.swf	28377	4	21	1.75
7460	7469	stop	game_F7460.swf	36101	17	11	0.92
7470	7489	stop	game_F7470.swf	49720	7	21	1.75
7490	7519	none	game_F7490.swf	30947	3	31	2.58
7520	7539	stop	game_F7520.swf	22716	4	21	1.75
7540	7584	stop	game_F7540.swf	48163	8	46	3.83
7585	7589	none	game_F7585.swf	549	1	6	0.50
7590	7618	stop	game_F7590.swf	1117	3	30	2.50
7619	7693	none	game_F7619.swf	25887	61	76	6.33
7694	7696	stop	game_F7694.swf	470150	74	4	0.33
7697	7699	stop	game_F7697.swf	712037	101	4	0.33
7700	7702	stop	game_F7700.swf	607342	87	4	0.33
7703	7705	stop	game_F7703.swf	613328	85	4	0.33
7706	7708	stop	game_F7706.swf	606860	85	4	0.33
7709	7711	stop	game_F7709.swf	576785	79	4	0.33
7712	7714	stop	game_F7712.swf	577840	82	4	0.33
7715	7717	stop	game_F7715.swf	878808	176	4	0.33
7718	7720	stop	game_F7718.swf	478402	72	4	0.33
7721	7723	stop	game_F7721.swf	478414	72	4	0.33
7724	7726	stop	game_F7724.swf	707929	123	4	0.33
7727	7729	stop	game_F7727.swf	478407	72	4	0.33
7730	7732	stop	game_F7730.swf	478411	72	4	0.33
7733	7735	stop	game_F7733.swf	507553	75	4	0.33
7736	7738	stop	game_F7736.swf	578215	82	4	0.33
7739	7741	stop	game_F7739.swf	470152	74	4	0.33
7742	7744	stop	game_F7742.swf	470184	72	4	0.33
7745	7747	stop	game_F7745.swf	599946	85	4	0.33
7748	7750	stop	game_F7748.swf	478514	72	4	0.33
7751	7753	stop	game_F7751.swf	487214	72	4	0.33
7754	7756	stop	game_F7754.swf	578218	82	4	0.33
7757	7759	stop	game_F7757.swf	606864	85	4	0.33
